pair,entry_t_ns_from_first_record,duration_ns
PATH_MRM_COMFORTABLE_STOP_OPERATOR_ON_TIMER,1013413681,609456
PATH_MRM_COMFORTABLE_STOP_OPERATOR_ON_TIMER,1039880731,704913
PATH_MRM_COMFORTABLE_STOP_OPERATOR_ON_TIMER,1139882125,646944
PATH_MRM_COMFORTABLE_STOP_OPERATOR_ON_TIMER,1238266950,249006
PATH_MRM_COMFORTABLE_STOP_OPERATOR_ON_TIMER,1339009544,249506
PATH_MRM_COMFORTABLE_STOP_OPERATOR_ON_TIMER,1438108019,248300
PATH_MRM_COMFORTABLE_STOP_OPERATOR_ON_TIMER,1538072831,250250
PATH_MRM_COMFORTABLE_STOP_OPERATOR_ON_TIMER,1638064069,249925
PATH_MRM_COMFORTABLE_STOP_OPERATOR_ON_TIMER,1738126094,248168
PATH_MRM_COMFORTABLE_STOP_OPERATOR_ON_TIMER,1838668306,252663
PATH_MRM_COMFORTABLE_STOP_OPERATOR_ON_TIMER,1939175906,253425
PATH_MRM_COMFORTABLE_STOP_OPERATOR_ON_TIMER,2042166950,254569
PATH_MRM_COMFORTABLE_STOP_OPERATOR_ON_TIMER,2137852981,248925
PATH_MRM_COMFORTABLE_STOP_OPERATOR_ON_TIMER,2237861462,248207
PATH_MRM_COMFORTABLE_STOP_OPERATOR_ON_TIMER,2338064906,251369
PATH_MRM_COMFORTABLE_STOP_OPERATOR_ON_TIMER,2438667425,250206
PATH_MRM_COMFORTABLE_STOP_OPERATOR_ON_TIMER,2538063969,251256
PATH_MRM_COMFORTABLE_STOP_OPERATOR_ON_TIMER,2639059050,254762
PATH_MRM_COMFORTABLE_STOP_OPERATOR_ON_TIMER,2737875381,251175
PATH_MRM_COMFORTABLE_STOP_OPERATOR_ON_TIMER,2837900031,249044
PATH_MRM_COMFORTABLE_STOP_OPERATOR_ON_TIMER,2937933244,248406
PATH_MRM_COMFORTABLE_STOP_OPERATOR_ON_TIMER,3037859012,249688
PATH_MRM_COMFORTABLE_STOP_OPERATOR_ON_TIMER,3137787656,254213
PATH_MRM_COMFORTABLE_STOP_OPERATOR_ON_TIMER,3238636787,254044
PATH_MRM_COMFORTABLE_STOP_OPERATOR_ON_TIMER,3338103231,249231
PATH_MRM_COMFORTABLE_STOP_OPERATOR_ON_TIMER,3438064519,250837
PATH_MRM_COMFORTABLE_STOP_OPERATOR_ON_TIMER,3538777044,713112
PATH_MRM_COMFORTABLE_STOP_OPERATOR_ON_TIMER,3638182669,253118
PATH_MRM_COMFORTABLE_STOP_OPERATOR_ON_TIMER,3739766075,413569
PATH_MRM_COMFORTABLE_STOP_OPERATOR_ON_TIMER,3838103069,253862
PATH_MRM_COMFORTABLE_STOP_OPERATOR_ON_TIMER,3938113431,249906
PATH_MRM_COMFORTABLE_STOP_OPERATOR_ON_TIMER,4038104687,249200
PATH_MRM_COMFORTABLE_STOP_OPERATOR_ON_TIMER,4138570725,242562
PATH_MRM_COMFORTABLE_STOP_OPERATOR_ON_TIMER,4238395369,249725
PATH_MRM_COMFORTABLE_STOP_OPERATOR_ON_TIMER,4337945381,248913
PATH_MRM_COMFORTABLE_STOP_OPERATOR_ON_TIMER,4437955744,249687
PATH_MRM_COMFORTABLE_STOP_OPERATOR_ON_TIMER,4541662062,255288
PATH_MRM_COMFORTABLE_STOP_OPERATOR_ON_TIMER,4637984162,249132
PATH_MRM_COMFORTABLE_STOP_OPERATOR_ON_TIMER,4737997631,248975
PATH_MRM_COMFORTABLE_STOP_OPERATOR_ON_TIMER,4838123412,249994
PATH_MRM_COMFORTABLE_STOP_OPERATOR_ON_TIMER,4938144306,249919
PATH_MRM_COMFORTABLE_STOP_OPERATOR_ON_TIMER,5038007769,247187
PATH_MRM_COMFORTABLE_STOP_OPERATOR_ON_TIMER,5139709012,253407
PATH_MRM_COMFORTABLE_STOP_OPERATOR_ON_TIMER,5238675969,249875
PATH_MRM_COMFORTABLE_STOP_OPERATOR_ON_TIMER,5337839631,249806
PATH_MRM_COMFORTABLE_STOP_OPERATOR_ON_TIMER,5438084525,250575
PATH_MRM_COMFORTABLE_STOP_OPERATOR_ON_TIMER,5537900325,250100
PATH_MRM_EMERGENCY_STOP_OPERATOR_ON_TIMER,1012190856,1159788
PATH_MRM_EMERGENCY_STOP_OPERATOR_ON_TIMER,1037668806,456056
PATH_MRM_EMERGENCY_STOP_OPERATOR_ON_TIMER,1069762431,1323294
PATH_MRM_EMERGENCY_STOP_OPERATOR_ON_TIMER,1101866844,1309868
PATH_MRM_EMERGENCY_STOP_OPERATOR_ON_TIMER,1136667737,460900
PATH_MRM_EMERGENCY_STOP_OPERATOR_ON_TIMER,1168668544,455856
PATH_MRM_EMERGENCY_STOP_OPERATOR_ON_TIMER,1201666412,459357
PATH_MRM_EMERGENCY_STOP_OPERATOR_ON_TIMER,1235778550,1074094
PATH_MRM_EMERGENCY_STOP_OPERATOR_ON_TIMER,1266831937,453713
PATH_MRM_EMERGENCY_STOP_OPERATOR_ON_TIMER,1301666294,458181
PATH_MRM_EMERGENCY_STOP_OPERATOR_ON_TIMER,1335134569,1321325
PATH_MRM_EMERGENCY_STOP_OPERATOR_ON_TIMER,1366667481,522713
PATH_MRM_EMERGENCY_STOP_OPERATOR_ON_TIMER,1399801112,1313532
PATH_MRM_EMERGENCY_STOP_OPERATOR_ON_TIMER,1432772769,1313518
PATH_MRM_EMERGENCY_STOP_OPERATOR_ON_TIMER,1465666769,462893
PATH_MRM_EMERGENCY_STOP_OPERATOR_ON_TIMER,1498743694,461193
PATH_MRM_EMERGENCY_STOP_OPERATOR_ON_TIMER,1531766400,1311181
PATH_MRM_EMERGENCY_STOP_OPERATOR_ON_TIMER,1564667500,460606
PATH_MRM_EMERGENCY_STOP_OPERATOR_ON_TIMER,1597666850,458556
PATH_MRM_EMERGENCY_STOP_OPERATOR_ON_TIMER,1631783481,1319600
PATH_MRM_EMERGENCY_STOP_OPERATOR_ON_TIMER,1662762144,1332325
PATH_MRM_EMERGENCY_STOP_OPERATOR_ON_TIMER,1696667650,460225
PATH_MRM_EMERGENCY_STOP_OPERATOR_ON_TIMER,1730667806,692300
PATH_MRM_EMERGENCY_STOP_OPERATOR_ON_TIMER,1761765375,457800
PATH_MRM_EMERGENCY_STOP_OPERATOR_ON_TIMER,1795664412,463007
PATH_MRM_EMERGENCY_STOP_OPERATOR_ON_TIMER,1828765212,1300432
PATH_MRM_EMERGENCY_STOP_OPERATOR_ON_TIMER,1861762487,944232
PATH_MRM_EMERGENCY_STOP_OPERATOR_ON_TIMER,1895071937,462263
PATH_MRM_EMERGENCY_STOP_OPERATOR_ON_TIMER,1928667469,455962
PATH_MRM_EMERGENCY_STOP_OPERATOR_ON_TIMER,1960667156,458794
PATH_MRM_EMERGENCY_STOP_OPERATOR_ON_TIMER,1993771419,983700
PATH_MRM_EMERGENCY_STOP_OPERATOR_ON_TIMER,2026125206,453163
PATH_MRM_EMERGENCY_STOP_OPERATOR_ON_TIMER,2059780344,1310918
PATH_MRM_EMERGENCY_STOP_OPERATOR_ON_TIMER,2095432331,460725
PATH_MRM_EMERGENCY_STOP_OPERATOR_ON_TIMER,2125771787,603313
PATH_MRM_EMERGENCY_STOP_OPERATOR_ON_TIMER,2158667912,460200
PATH_MRM_EMERGENCY_STOP_OPERATOR_ON_TIMER,2192664444,454362
PATH_MRM_EMERGENCY_STOP_OPERATOR_ON_TIMER,2224766294,829437
PATH_MRM_EMERGENCY_STOP_OPERATOR_ON_TIMER,2258425931,463306
PATH_MRM_EMERGENCY_STOP_OPERATOR_ON_TIMER,2291664731,458600
PATH_MRM_EMERGENCY_STOP_OPERATOR_ON_TIMER,2323667094,462581
PATH_MRM_EMERGENCY_STOP_OPERATOR_ON_TIMER,2356667269,456581
PATH_MRM_EMERGENCY_STOP_OPERATOR_ON_TIMER,2390664956,463325
PATH_MRM_EMERGENCY_STOP_OPERATOR_ON_TIMER,2422176162,460875
PATH_MRM_EMERGENCY_STOP_OPERATOR_ON_TIMER,2456664194,456356
PATH_MRM_EMERGENCY_STOP_OPERATOR_ON_TIMER,2488667744,460487
PATH_MRM_EMERGENCY_STOP_OPERATOR_ON_TIMER,2521668325,455637
PATH_MRM_EMERGENCY_STOP_OPERATOR_ON_TIMER,2554667106,454450
PATH_MRM_EMERGENCY_STOP_OPERATOR_ON_TIMER,2587665250,462412
PATH_MRM_EMERGENCY_STOP_OPERATOR_ON_TIMER,2620667381,458438
PATH_MRM_EMERGENCY_STOP_OPERATOR_ON_TIMER,2654668481,456150
PATH_MRM_EMERGENCY_STOP_OPERATOR_ON_TIMER,2687665119,456018
PATH_MRM_EMERGENCY_STOP_OPERATOR_ON_TIMER,2719667325,459631
PATH_MRM_EMERGENCY_STOP_OPERATOR_ON_TIMER,2753667462,462444
PATH_MRM_EMERGENCY_STOP_OPERATOR_ON_TIMER,2786664825,458544
PATH_MRM_EMERGENCY_STOP_OPERATOR_ON_TIMER,2818745181,461200
PATH_MRM_EMERGENCY_STOP_OPERATOR_ON_TIMER,2855437269,461968
PATH_MRM_EMERGENCY_STOP_OPERATOR_ON_TIMER,2885664844,459100
PATH_MRM_EMERGENCY_STOP_OPERATOR_ON_TIMER,2916985375,464175
PATH_MRM_EMERGENCY_STOP_OPERATOR_ON_TIMER,2949770931,595994
PATH_MRM_EMERGENCY_STOP_OPERATOR_ON_TIMER,2984664806,460619
PATH_MRM_EMERGENCY_STOP_OPERATOR_ON_TIMER,3017815787,533194
PATH_MRM_EMERGENCY_STOP_OPERATOR_ON_TIMER,3049774362,491463
PATH_MRM_EMERGENCY_STOP_OPERATOR_ON_TIMER,3082667687,458069
PATH_MRM_EMERGENCY_STOP_OPERATOR_ON_TIMER,3114714775,454531
PATH_MRM_EMERGENCY_STOP_OPERATOR_ON_TIMER,3148667150,456481
PATH_MRM_EMERGENCY_STOP_OPERATOR_ON_TIMER,3182667969,461900
PATH_MRM_EMERGENCY_STOP_OPERATOR_ON_TIMER,3214751456,1321331
PATH_MRM_EMERGENCY_STOP_OPERATOR_ON_TIMER,3247667350,454887
PATH_MRM_EMERGENCY_STOP_OPERATOR_ON_TIMER,3280667631,456581
PATH_MRM_EMERGENCY_STOP_OPERATOR_ON_TIMER,3313670556,464356
PATH_MRM_EMERGENCY_STOP_OPERATOR_ON_TIMER,3347688725,462125
PATH_MRM_EMERGENCY_STOP_OPERATOR_ON_TIMER,3379667462,459007
PATH_MRM_EMERGENCY_STOP_OPERATOR_ON_TIMER,3412772750,802425
PATH_MRM_EMERGENCY_STOP_OPERATOR_ON_TIMER,3446688125,455369
PATH_MRM_EMERGENCY_STOP_OPERATOR_ON_TIMER,3478668044,461387
PATH_MRM_EMERGENCY_STOP_OPERATOR_ON_TIMER,3511755656,1312069
PATH_MRM_EMERGENCY_STOP_OPERATOR_ON_TIMER,3544668762,456182
PATH_MRM_EMERGENCY_STOP_OPERATOR_ON_TIMER,3577667769,459881
PATH_MRM_EMERGENCY_STOP_OPERATOR_ON_TIMER,3610767462,1321150
PATH_MRM_EMERGENCY_STOP_OPERATOR_ON_TIMER,3643668431,456538
PATH_MRM_EMERGENCY_STOP_OPERATOR_ON_TIMER,3676667012,463675
PATH_MRM_EMERGENCY_STOP_OPERATOR_ON_TIMER,3709753906,1321344
PATH_MRM_EMERGENCY_STOP_OPERATOR_ON_TIMER,3742666900,457775
PATH_MRM_EMERGENCY_STOP_OPERATOR_ON_TIMER,3778433881,461419
PATH_MRM_EMERGENCY_STOP_OPERATOR_ON_TIMER,3808755550,1319806
PATH_MRM_EMERGENCY_STOP_OPERATOR_ON_TIMER,3841667394,454393
PATH_MRM_EMERGENCY_STOP_OPERATOR_ON_TIMER,3875766925,1300925
PATH_MRM_EMERGENCY_STOP_OPERATOR_ON_TIMER,3907763525,1321256
PATH_MRM_EMERGENCY_STOP_OPERATOR_ON_TIMER,3944689650,461937
PATH_MRM_EMERGENCY_STOP_OPERATOR_ON_TIMER,3974667119,457975
PATH_MRM_EMERGENCY_STOP_OPERATOR_ON_TIMER,4006766431,1321513
PATH_MRM_EMERGENCY_STOP_OPERATOR_ON_TIMER,4040688069,455312
PATH_MRM_EMERGENCY_STOP_OPERATOR_ON_TIMER,4073667925,461031
PATH_MRM_EMERGENCY_STOP_OPERATOR_ON_TIMER,4105763275,1323419
PATH_MRM_EMERGENCY_STOP_OPERATOR_ON_TIMER,4138088825,456481
PATH_MRM_EMERGENCY_STOP_OPERATOR_ON_TIMER,4171765594,650925
PATH_MRM_EMERGENCY_STOP_OPERATOR_ON_TIMER,4204773237,1302638
PATH_MRM_EMERGENCY_STOP_OPERATOR_ON_TIMER,4237063981,462125
PATH_MRM_EMERGENCY_STOP_OPERATOR_ON_TIMER,4269988344,460737
PATH_MRM_EMERGENCY_STOP_OPERATOR_ON_TIMER,4303761856,1317438
PATH_MRM_EMERGENCY_STOP_OPERATOR_ON_TIMER,4336652187,461588
PATH_MRM_EMERGENCY_STOP_OPERATOR_ON_TIMER,4370667500,1270025
PATH_MRM_EMERGENCY_STOP_OPERATOR_ON_TIMER,4402765300,1332394
PATH_MRM_EMERGENCY_STOP_OPERATOR_ON_TIMER,4436642981,459981
PATH_MRM_EMERGENCY_STOP_OPERATOR_ON_TIMER,4469771294,1312393
PATH_MRM_EMERGENCY_STOP_OPERATOR_ON_TIMER,4502763931,1322375
PATH_MRM_EMERGENCY_STOP_OPERATOR_ON_TIMER,4535767419,609181
PATH_MRM_EMERGENCY_STOP_OPERATOR_ON_TIMER,4568783394,1319187
PATH_MRM_EMERGENCY_STOP_OPERATOR_ON_TIMER,4600666337,462869
PATH_MRM_EMERGENCY_STOP_OPERATOR_ON_TIMER,4634776100,1253569
PATH_MRM_EMERGENCY_STOP_OPERATOR_ON_TIMER,4666781025,1323694
PATH_MRM_EMERGENCY_STOP_OPERATOR_ON_TIMER,4702162100,1329575
PATH_MRM_EMERGENCY_STOP_OPERATOR_ON_TIMER,4733774262,1329769
PATH_MRM_EMERGENCY_STOP_OPERATOR_ON_TIMER,4765668156,462525
PATH_MRM_EMERGENCY_STOP_OPERATOR_ON_TIMER,4797846206,457275
PATH_MRM_EMERGENCY_STOP_OPERATOR_ON_TIMER,4831779706,1324644
PATH_MRM_EMERGENCY_STOP_OPERATOR_ON_TIMER,4865425300,464425
PATH_MRM_EMERGENCY_STOP_OPERATOR_ON_TIMER,4898766269,1373581
PATH_MRM_EMERGENCY_STOP_OPERATOR_ON_TIMER,4930667725,1114756
PATH_MRM_EMERGENCY_STOP_OPERATOR_ON_TIMER,4964771437,864957
PATH_MRM_EMERGENCY_STOP_OPERATOR_ON_TIMER,4997753600,462187
PATH_MRM_EMERGENCY_STOP_OPERATOR_ON_TIMER,5032779500,1319069
PATH_MRM_EMERGENCY_STOP_OPERATOR_ON_TIMER,5062667600,456569
PATH_MRM_EMERGENCY_STOP_OPERATOR_ON_TIMER,5094770081,1310288
PATH_MRM_EMERGENCY_STOP_OPERATOR_ON_TIMER,5128667969,456681
PATH_MRM_EMERGENCY_STOP_OPERATOR_ON_TIMER,5160775081,723638
PATH_MRM_EMERGENCY_STOP_OPERATOR_ON_TIMER,5193768294,1321506
PATH_MRM_EMERGENCY_STOP_OPERATOR_ON_TIMER,5227760969,1308012
PATH_MRM_EMERGENCY_STOP_OPERATOR_ON_TIMER,5260764650,1331431
PATH_MRM_EMERGENCY_STOP_OPERATOR_ON_TIMER,5294772944,1301100
PATH_MRM_EMERGENCY_STOP_OPERATOR_ON_TIMER,5326668306,459106
PATH_MRM_EMERGENCY_STOP_OPERATOR_ON_TIMER,5359778494,1031075
PATH_MRM_EMERGENCY_STOP_OPERATOR_ON_TIMER,5393770056,655294
PATH_MRM_EMERGENCY_STOP_OPERATOR_ON_TIMER,5425680256,511769
PATH_MRM_EMERGENCY_STOP_OPERATOR_ON_TIMER,5459765581,1170400
PATH_MRM_EMERGENCY_STOP_OPERATOR_ON_TIMER,5492754162,1333325
PATH_MRM_EMERGENCY_STOP_OPERATOR_ON_TIMER,5524729837,463763
PATH_MRM_EMERGENCY_STOP_OPERATOR_ON_TIMER,5558668181,455438
PATH_MRM_EMERGENCY_STOP_OPERATOR_ON_TIMER,5591664581,509069
PATH_MRM_EMERGENCY_STOP_OPERATOR_ON_TIMER,5623769244,1185087
PATH_MRM_HANDLER_ON_TIMER,1015029644,22500
PATH_MRM_HANDLER_ON_TIMER,1040768056,1150769
PATH_MRM_HANDLER_ON_TIMER,1140592756,415981
PATH_MRM_HANDLER_ON_TIMER,1238579250,415631
PATH_MRM_HANDLER_ON_TIMER,1339323037,413757
PATH_MRM_HANDLER_ON_TIMER,1438420562,417819
PATH_MRM_HANDLER_ON_TIMER,1538386869,415775
PATH_MRM_HANDLER_ON_TIMER,1638378406,415956
PATH_MRM_HANDLER_ON_TIMER,1738438281,414069
PATH_MRM_HANDLER_ON_TIMER,1838931637,768507
PATH_MRM_HANDLER_ON_TIMER,1939514244,413806
PATH_MRM_HANDLER_ON_TIMER,2042496906,412219
PATH_MRM_HANDLER_ON_TIMER,2138177550,413131
PATH_MRM_HANDLER_ON_TIMER,2238187437,416094
PATH_MRM_HANDLER_ON_TIMER,2338392587,415719
PATH_MRM_HANDLER_ON_TIMER,2438928225,1085987
PATH_MRM_HANDLER_ON_TIMER,2538392675,412656
PATH_MRM_HANDLER_ON_TIMER,2639324281,414656
PATH_MRM_HANDLER_ON_TIMER,2738204344,413550
PATH_MRM_HANDLER_ON_TIMER,2838226944,412387
PATH_MRM_HANDLER_ON_TIMER,2938259256,417263
PATH_MRM_HANDLER_ON_TIMER,3038185106,412444
PATH_MRM_HANDLER_ON_TIMER,3138116956,415031
PATH_MRM_HANDLER_ON_TIMER,3238933100,414312
PATH_MRM_HANDLER_ON_TIMER,3338414750,414825
PATH_MRM_HANDLER_ON_TIMER,3438377912,414657
PATH_MRM_HANDLER_ON_TIMER,3539513787,833732
PATH_MRM_HANDLER_ON_TIMER,3638513862,414644
PATH_MRM_HANDLER_ON_TIMER,3740190719,416881
PATH_MRM_HANDLER_ON_TIMER,3838421437,416444
PATH_MRM_HANDLER_ON_TIMER,3938426987,439907
PATH_MRM_HANDLER_ON_TIMER,4038414744,413875
PATH_MRM_HANDLER_ON_TIMER,4139234706,412706
PATH_MRM_HANDLER_ON_TIMER,4238742919,412637
PATH_MRM_HANDLER_ON_TIMER,4338279775,417975
PATH_MRM_HANDLER_ON_TIMER,4438291675,418781
PATH_MRM_HANDLER_ON_TIMER,4541982794,414850
PATH_MRM_HANDLER_ON_TIMER,4638299050,417806
PATH_MRM_HANDLER_ON_TIMER,4738312925,418025
PATH_MRM_HANDLER_ON_TIMER,4838439469,415968
PATH_MRM_HANDLER_ON_TIMER,4938460969,419081
PATH_MRM_HANDLER_ON_TIMER,5038319875,417325
PATH_MRM_HANDLER_ON_TIMER,5140027206,416275
PATH_MRM_HANDLER_ON_TIMER,5238936500,417225
PATH_MRM_HANDLER_ON_TIMER,5338154100,416481
PATH_MRM_HANDLER_ON_TIMER,5438399100,417150
PATH_MRM_HANDLER_ON_TIMER,5538214962,414782
PATH_STOP_MODE_OPERATOR_ON_TIMER,1014086431,886550
PATH_STOP_MODE_OPERATOR_ON_TIMER,1038135137,347844
PATH_STOP_MODE_OPERATOR_ON_TIMER,1071108437,996107
PATH_STOP_MODE_OPERATOR_ON_TIMER,1103395969,994600
PATH_STOP_MODE_OPERATOR_ON_TIMER,1137138881,350450
PATH_STOP_MODE_OPERATOR_ON_TIMER,1169134775,351231
PATH_STOP_MODE_OPERATOR_ON_TIMER,1202135744,353593
PATH_STOP_MODE_OPERATOR_ON_TIMER,1236863037,353825
PATH_STOP_MODE_OPERATOR_ON_TIMER,1267361481,352713
PATH_STOP_MODE_OPERATOR_ON_TIMER,1302134487,354238
PATH_STOP_MODE_OPERATOR_ON_TIMER,1336485519,432093
PATH_STOP_MODE_OPERATOR_ON_TIMER,1367213250,1016194
PATH_STOP_MODE_OPERATOR_ON_TIMER,1401144925,1008294
PATH_STOP_MODE_OPERATOR_ON_TIMER,1434116056,1007838
PATH_STOP_MODE_OPERATOR_ON_TIMER,1466139844,354287
PATH_STOP_MODE_OPERATOR_ON_TIMER,1499247012,354400
PATH_STOP_MODE_OPERATOR_ON_TIMER,1533101169,995225
PATH_STOP_MODE_OPERATOR_ON_TIMER,1565138225,351950
PATH_STOP_MODE_OPERATOR_ON_TIMER,1598135450,353137
PATH_STOP_MODE_OPERATOR_ON_TIMER,1633126194,1006618
PATH_STOP_MODE_OPERATOR_ON_TIMER,1664124581,1005975
PATH_STOP_MODE_OPERATOR_ON_TIMER,1697138287,354800
PATH_STOP_MODE_OPERATOR_ON_TIMER,1731390156,1017975
PATH_STOP_MODE_OPERATOR_ON_TIMER,1762265062,354557
PATH_STOP_MODE_OPERATOR_ON_TIMER,1796137819,353462
PATH_STOP_MODE_OPERATOR_ON_TIMER,1830095369,1006618
PATH_STOP_MODE_OPERATOR_ON_TIMER,1862716600,357169
PATH_STOP_MODE_OPERATOR_ON_TIMER,1895576094,354681
PATH_STOP_MODE_OPERATOR_ON_TIMER,1929133700,357175
PATH_STOP_MODE_OPERATOR_ON_TIMER,1961136331,355688
PATH_STOP_MODE_OPERATOR_ON_TIMER,1994765269,355731
PATH_STOP_MODE_OPERATOR_ON_TIMER,2026619594,352400
PATH_STOP_MODE_OPERATOR_ON_TIMER,2061114294,1004756
PATH_STOP_MODE_OPERATOR_ON_TIMER,2095903200,348369
PATH_STOP_MODE_OPERATOR_ON_TIMER,2126385725,351606
PATH_STOP_MODE_OPERATOR_ON_TIMER,2159137725,353787
PATH_STOP_MODE_OPERATOR_ON_TIMER,2193129069,710856
PATH_STOP_MODE_OPERATOR_ON_TIMER,2225605919,355100
PATH_STOP_MODE_OPERATOR_ON_TIMER,2258899312,354594
PATH_STOP_MODE_OPERATOR_ON_TIMER,2292133456,354263
PATH_STOP_MODE_OPERATOR_ON_TIMER,2324139862,394338
PATH_STOP_MODE_OPERATOR_ON_TIMER,2357134125,354031
PATH_STOP_MODE_OPERATOR_ON_TIMER,2391138256,352863
PATH_STOP_MODE_OPERATOR_ON_TIMER,2422678519,354243
PATH_STOP_MODE_OPERATOR_ON_TIMER,2457130631,354244
PATH_STOP_MODE_OPERATOR_ON_TIMER,2489138681,352594
PATH_STOP_MODE_OPERATOR_ON_TIMER,2522134369,353037
PATH_STOP_MODE_OPERATOR_ON_TIMER,2555131525,353356
PATH_STOP_MODE_OPERATOR_ON_TIMER,2588137894,354800
PATH_STOP_MODE_OPERATOR_ON_TIMER,2621136137,354163
PATH_STOP_MODE_OPERATOR_ON_TIMER,2655134781,353900
PATH_STOP_MODE_OPERATOR_ON_TIMER,2688131162,354000
PATH_STOP_MODE_OPERATOR_ON_TIMER,2720137025,354044
PATH_STOP_MODE_OPERATOR_ON_TIMER,2754139975,356056
PATH_STOP_MODE_OPERATOR_ON_TIMER,2787133606,352738
PATH_STOP_MODE_OPERATOR_ON_TIMER,2819269444,354712
PATH_STOP_MODE_OPERATOR_ON_TIMER,2855909287,356744
PATH_STOP_MODE_OPERATOR_ON_TIMER,2886134281,355488
PATH_STOP_MODE_OPERATOR_ON_TIMER,2917491781,353150
PATH_STOP_MODE_OPERATOR_ON_TIMER,2950377094,355037
PATH_STOP_MODE_OPERATOR_ON_TIMER,2985135656,352563
PATH_STOP_MODE_OPERATOR_ON_TIMER,3018359075,349931
PATH_STOP_MODE_OPERATOR_ON_TIMER,3050275712,352882
PATH_STOP_MODE_OPERATOR_ON_TIMER,3083136131,353319
PATH_STOP_MODE_OPERATOR_ON_TIMER,3115245887,349994
PATH_STOP_MODE_OPERATOR_ON_TIMER,3149133775,594056
PATH_STOP_MODE_OPERATOR_ON_TIMER,3183139656,354881
PATH_STOP_MODE_OPERATOR_ON_TIMER,3216102875,479712
PATH_STOP_MODE_OPERATOR_ON_TIMER,3248132606,354700
PATH_STOP_MODE_OPERATOR_ON_TIMER,3281134481,354613
PATH_STOP_MODE_OPERATOR_ON_TIMER,3314145100,355044
PATH_STOP_MODE_OPERATOR_ON_TIMER,3348193006,356356
PATH_STOP_MODE_OPERATOR_ON_TIMER,3380136675,354706
PATH_STOP_MODE_OPERATOR_ON_TIMER,3413585237,354675
PATH_STOP_MODE_OPERATOR_ON_TIMER,3447185294,351375
PATH_STOP_MODE_OPERATOR_ON_TIMER,3479139475,356181
PATH_STOP_MODE_OPERATOR_ON_TIMER,3513097812,463563
PATH_STOP_MODE_OPERATOR_ON_TIMER,3545134962,352069
PATH_STOP_MODE_OPERATOR_ON_TIMER,3578137562,354325
PATH_STOP_MODE_OPERATOR_ON_TIMER,3612112112,1029357
PATH_STOP_MODE_OPERATOR_ON_TIMER,3644135531,352119
PATH_STOP_MODE_OPERATOR_ON_TIMER,3677140837,352700
PATH_STOP_MODE_OPERATOR_ON_TIMER,3711098594,1015937
PATH_STOP_MODE_OPERATOR_ON_TIMER,3743135137,351063
PATH_STOP_MODE_OPERATOR_ON_TIMER,3778905606,354613
PATH_STOP_MODE_OPERATOR_ON_TIMER,3810098350,1015756
PATH_STOP_MODE_OPERATOR_ON_TIMER,3842132169,353156
PATH_STOP_MODE_OPERATOR_ON_TIMER,3877097769,1008350
PATH_STOP_MODE_OPERATOR_ON_TIMER,3909108125,1017050
PATH_STOP_MODE_OPERATOR_ON_TIMER,3945194281,356181
PATH_STOP_MODE_OPERATOR_ON_TIMER,3975134975,355606
PATH_STOP_MODE_OPERATOR_ON_TIMER,4008110669,994456
PATH_STOP_MODE_OPERATOR_ON_TIMER,4041184731,351319
PATH_STOP_MODE_OPERATOR_ON_TIMER,4074139075,353894
PATH_STOP_MODE_OPERATOR_ON_TIMER,4107109800,1015825
PATH_STOP_MODE_OPERATOR_ON_TIMER,4138859456,350781
PATH_STOP_MODE_OPERATOR_ON_TIMER,4172426725,352400
PATH_STOP_MODE_OPERATOR_ON_TIMER,4206105494,1008093
PATH_STOP_MODE_OPERATOR_ON_TIMER,4237590750,354194
PATH_STOP_MODE_OPERATOR_ON_TIMER,4270512162,986757
PATH_STOP_MODE_OPERATOR_ON_TIMER,4305102262,1018844
PATH_STOP_MODE_OPERATOR_ON_TIMER,4337156344,354450
PATH_STOP_MODE_OPERATOR_ON_TIMER,4371947556,357244
PATH_STOP_MODE_OPERATOR_ON_TIMER,4404128137,1005832
PATH_STOP_MODE_OPERATOR_ON_TIMER,4437145856,356700
PATH_STOP_MODE_OPERATOR_ON_TIMER,4471114325,960750
PATH_STOP_MODE_OPERATOR_ON_TIMER,4504116187,1017644
PATH_STOP_MODE_OPERATOR_ON_TIMER,4536386756,367563
PATH_STOP_MODE_OPERATOR_ON_TIMER,4570125650,415237
PATH_STOP_MODE_OPERATOR_ON_TIMER,4601139387,354519
PATH_STOP_MODE_OPERATOR_ON_TIMER,4636039837,355482
PATH_STOP_MODE_OPERATOR_ON_TIMER,4668134819,978600
PATH_STOP_MODE_OPERATOR_ON_TIMER,4703515031,1008950
PATH_STOP_MODE_OPERATOR_ON_TIMER,4735127169,914631
PATH_STOP_MODE_OPERATOR_ON_TIMER,4766140825,476281
PATH_STOP_MODE_OPERATOR_ON_TIMER,4798369550,355687
PATH_STOP_MODE_OPERATOR_ON_TIMER,4833134087,998763
PATH_STOP_MODE_OPERATOR_ON_TIMER,4865900156,355156
PATH_STOP_MODE_OPERATOR_ON_TIMER,4900163150,955306
PATH_STOP_MODE_OPERATOR_ON_TIMER,4931805412,1007844
PATH_STOP_MODE_OPERATOR_ON_TIMER,4965646681,357513
PATH_STOP_MODE_OPERATOR_ON_TIMER,4998225862,355282
PATH_STOP_MODE_OPERATOR_ON_TIMER,5034121681,994869
PATH_STOP_MODE_OPERATOR_ON_TIMER,5063134294,351043
PATH_STOP_MODE_OPERATOR_ON_TIMER,5096110550,911212
PATH_STOP_MODE_OPERATOR_ON_TIMER,5129134906,355713
PATH_STOP_MODE_OPERATOR_ON_TIMER,5161508606,354563
PATH_STOP_MODE_OPERATOR_ON_TIMER,5195119650,1007131
PATH_STOP_MODE_OPERATOR_ON_TIMER,5229092094,476187
PATH_STOP_MODE_OPERATOR_ON_TIMER,5262126369,431468
PATH_STOP_MODE_OPERATOR_ON_TIMER,5296090894,355406
PATH_STOP_MODE_OPERATOR_ON_TIMER,5327137544,356550
PATH_STOP_MODE_OPERATOR_ON_TIMER,5360819887,354469
PATH_STOP_MODE_OPERATOR_ON_TIMER,5394435444,351018
PATH_STOP_MODE_OPERATOR_ON_TIMER,5426202312,353100
PATH_STOP_MODE_OPERATOR_ON_TIMER,5460946050,354194
PATH_STOP_MODE_OPERATOR_ON_TIMER,5494117312,403719
PATH_STOP_MODE_OPERATOR_ON_TIMER,5525203950,353887
PATH_STOP_MODE_OPERATOR_ON_TIMER,5559133950,866881
PATH_STOP_MODE_OPERATOR_ON_TIMER,5592203844,1006562
