t_ns_from_first_record,kind,name,arg_or_seq,uptime_ms
99646025,heartbeat,,0,100
199648475,heartbeat,,1,200
299648813,heartbeat,,2,300
399648788,heartbeat,,3,400
499648775,heartbeat,,4,500
599648463,heartbeat,,5,600
699648500,heartbeat,,6,700
799646750,heartbeat,,7,800
899645469,heartbeat,,8,900
999645219,heartbeat,,9,1000
1099645200,heartbeat,,10,1100
1199645119,heartbeat,,11,1200
1299645088,heartbeat,,12,1300
1399645025,heartbeat,,13,1400
1499645082,heartbeat,,14,1500
1599645088,heartbeat,,15,1600
1699645063,heartbeat,,16,1700
1799645082,heartbeat,,17,1800
1899645063,heartbeat,,18,1900
1999645025,heartbeat,,19,2000
2099645232,heartbeat,,20,2100
2199645175,heartbeat,,21,2200
2299645175,heartbeat,,22,2300
2399645175,heartbeat,,23,2400
2499645125,heartbeat,,24,2500
2599645125,heartbeat,,25,2600
2699645119,heartbeat,,26,2700
2799645088,heartbeat,,27,2800
2899645175,heartbeat,,28,2900
2999645075,heartbeat,,29,3000
3099645144,heartbeat,,30,3100
3199645063,heartbeat,,31,3200
3299645144,heartbeat,,32,3300
3399645088,heartbeat,,33,3400
3499645025,heartbeat,,34,3500
3599645119,heartbeat,,35,3600
3699645088,heartbeat,,36,3700
3799645175,heartbeat,,37,3800
3899645194,heartbeat,,38,3900
3999645063,heartbeat,,39,4000
4099645213,heartbeat,,40,4100
4199645075,heartbeat,,41,4200
4299645200,heartbeat,,42,4300
4399645175,heartbeat,,43,4400
4499645057,heartbeat,,44,4500
4599645200,heartbeat,,45,4600
4699645025,heartbeat,,46,4700
4799645269,heartbeat,,47,4800
4899645175,heartbeat,,48,4900
4999645119,heartbeat,,49,5000
5099645082,heartbeat,,50,5100
5199645063,heartbeat,,51,5200
5299645119,heartbeat,,52,5300
5399645288,heartbeat,,53,5400
5499645294,heartbeat,,54,5500
5599645238,heartbeat,,55,5600
5699645175,heartbeat,,56,5700
5799645125,heartbeat,,57,5800
5899645025,heartbeat,,58,5900
5999645119,heartbeat,,59,6000
6099645238,heartbeat,,60,6100
6199645213,heartbeat,,61,6200
6299645057,heartbeat,,62,6300
6399645200,heartbeat,,63,6400
6499645125,heartbeat,,64,6500
6599645169,heartbeat,,65,6600
6699645238,heartbeat,,66,6700
6799645025,heartbeat,,67,6800
6899645082,heartbeat,,68,6900
6999645088,heartbeat,,69,7000
7099645025,heartbeat,,70,7100
7199645082,heartbeat,,71,7200
7299645063,heartbeat,,72,7300
7399645025,heartbeat,,73,7400
7499645232,heartbeat,,74,7500
7599645063,heartbeat,,75,7600
7699645063,heartbeat,,76,7700
7799645138,heartbeat,,77,7800
7899645238,heartbeat,,78,7900
7999645182,heartbeat,,79,8000
8099645119,heartbeat,,80,8100
8199645088,heartbeat,,81,8200
8299645175,heartbeat,,82,8300
8399645175,heartbeat,,83,8400
8499645125,heartbeat,,84,8500
8599645125,heartbeat,,85,8600
8699645119,heartbeat,,86,8700
8799645275,heartbeat,,87,8800
8899645138,heartbeat,,88,8900
8999645119,heartbeat,,89,9000
9099645238,heartbeat,,90,9100
9199645213,heartbeat,,91,9200
9299645075,heartbeat,,92,9300
9399645144,heartbeat,,93,9400
9499645025,heartbeat,,94,9500
9599645119,heartbeat,,95,9600
9699645088,heartbeat,,96,9700
9799645175,heartbeat,,97,9800
9899645194,heartbeat,,98,9900
9999645063,heartbeat,,99,10000
10099645213,heartbeat,,100,10100
10199645075,heartbeat,,101,10200
10299645200,heartbeat,,102,10300
10399645063,heartbeat,,103,10400
10499645232,heartbeat,,104,10500
10599645719,heartbeat,,105,10600
10699645144,heartbeat,,106,10700
10799645232,heartbeat,,107,10800
10899645175,heartbeat,,108,10900
10999645300,heartbeat,,109,11000
11099645144,heartbeat,,110,11100
11199645288,heartbeat,,111,11200
11299645275,heartbeat,,112,11300
11399645200,heartbeat,,113,11400
11499645182,heartbeat,,114,11500
11599645188,heartbeat,,115,11600
11699645182,heartbeat,,116,11700
11799645175,heartbeat,,117,11800
11899645125,heartbeat,,118,11900
11999645300,heartbeat,,119,12000
12099644994,heartbeat,,120,12100
12199645200,heartbeat,,121,12200
12299645119,heartbeat,,122,12300
12399645175,heartbeat,,123,12400
12499645182,heartbeat,,124,12500
12599645232,heartbeat,,125,12600
12699645075,heartbeat,,126,12700
12799645207,heartbeat,,127,12800
12899645182,heartbeat,,128,12900
12999645194,heartbeat,,129,13000
13099645119,heartbeat,,130,13100
13199645175,heartbeat,,131,13200
13299645188,heartbeat,,132,13300
13399645125,heartbeat,,133,13400
13499645313,heartbeat,,134,13500
13599645232,heartbeat,,135,13600
13699645213,heartbeat,,136,13700
13799645200,heartbeat,,137,13800
13899645138,heartbeat,,138,13900
13999645088,heartbeat,,139,14000
14099645119,heartbeat,,140,14100
14199645113,heartbeat,,141,14200
14299645088,heartbeat,,142,14300
14399645082,heartbeat,,143,14400
14499645113,heartbeat,,144,14500
14599645125,heartbeat,,145,14600
14699645032,heartbeat,,146,14700
14799645175,heartbeat,,147,14800
14899645238,heartbeat,,148,14900
14999645200,heartbeat,,149,15000
15099645082,heartbeat,,150,15100
15199645275,heartbeat,,151,15200
15299645125,heartbeat,,152,15300
15399645082,heartbeat,,153,15400
15499645125,heartbeat,,154,15500
15599645119,heartbeat,,155,15600
15699645082,heartbeat,,156,15700
15799645088,heartbeat,,157,15800
15899645232,heartbeat,,158,15900
15999645194,heartbeat,,159,16000
16099645125,heartbeat,,160,16100
16199645269,heartbeat,,161,16200
16299645169,heartbeat,,162,16300
16399645132,heartbeat,,163,16400
16499645269,heartbeat,,164,16500
16599645169,heartbeat,,165,16600
16699645238,heartbeat,,166,16700
16799645238,heartbeat,,167,16800
16899645263,heartbeat,,168,16900
16999645244,heartbeat,,169,17000
17099645244,heartbeat,,170,17100
17199645200,heartbeat,,171,17200
17299645094,heartbeat,,172,17300
17399645088,heartbeat,,173,17400
17499645119,heartbeat,,174,17500
17599645132,heartbeat,,175,17600
17699645038,heartbeat,,176,17700
17799645150,heartbeat,,177,17800
17899645094,heartbeat,,178,17900
17999645094,heartbeat,,179,18000
18099645175,heartbeat,,180,18100
18199645094,heartbeat,,181,18200
18299645182,heartbeat,,182,18300
18399645232,heartbeat,,183,18400
18499645094,heartbeat,,184,18500
18599645088,heartbeat,,185,18600
18699645144,heartbeat,,186,18700
18799645188,heartbeat,,187,18800
18899645032,heartbeat,,188,18900
18999645294,heartbeat,,189,19000
19099645094,heartbeat,,190,19100
19199645032,heartbeat,,191,19200
19299645144,heartbeat,,192,19300
19399645094,heartbeat,,193,19400
19499645125,heartbeat,,194,19500
19599645144,heartbeat,,195,19600
19699645188,heartbeat,,196,19700
19799645125,heartbeat,,197,19800
19899645182,heartbeat,,198,19900
19999645194,heartbeat,,199,20000
20099645350,heartbeat,,200,20100
20199645194,heartbeat,,201,20200
20299645157,heartbeat,,202,20300
20399645038,heartbeat,,203,20400
20499645275,heartbeat,,204,20500
20599645188,heartbeat,,205,20600
20699645238,heartbeat,,206,20700
20799645175,heartbeat,,207,20800
20899645244,heartbeat,,208,20900
20999645182,heartbeat,,209,21000
21099645088,heartbeat,,210,21100
21199645094,heartbeat,,211,21200
21299645238,heartbeat,,212,21300
21399645082,heartbeat,,213,21400
21499645188,heartbeat,,214,21500
21599645088,heartbeat,,215,21600
21699645188,heartbeat,,216,21700
21799645282,heartbeat,,217,21800
21899645200,heartbeat,,218,21900
21999645144,heartbeat,,219,22000
22099645188,heartbeat,,220,22100
22199645032,heartbeat,,221,22200
22299645294,heartbeat,,222,22300
22399645150,heartbeat,,223,22400
22499645219,heartbeat,,224,22500
22599645200,heartbeat,,225,22600
22699645094,heartbeat,,226,22700
22799645032,heartbeat,,227,22800
22899645232,heartbeat,,228,22900
22999645194,heartbeat,,229,23000
23099645238,heartbeat,,230,23100
23199645007,heartbeat,,231,23200
23299645188,heartbeat,,232,23300
23399645088,heartbeat,,233,23400
23499645275,heartbeat,,234,23500
23599645188,heartbeat,,235,23600
23699645088,heartbeat,,236,23700
23799645300,heartbeat,,237,23800
23899645094,heartbeat,,238,23900
23999645275,heartbeat,,239,24000
24099645232,heartbeat,,240,24100
24199645150,heartbeat,,241,24200
24299645125,heartbeat,,242,24300
24399645182,heartbeat,,243,24400
24499645188,heartbeat,,244,24500
24599645238,heartbeat,,245,24600
24699645082,heartbeat,,246,24700
24799645213,heartbeat,,247,24800
24899645188,heartbeat,,248,24900
24999645200,heartbeat,,249,25000
25099645125,heartbeat,,250,25100
25199645182,heartbeat,,251,25200
25299645194,heartbeat,,252,25300
25399645132,heartbeat,,253,25400
25499645188,heartbeat,,254,25500
25599645032,heartbeat,,255,25600
25699645188,heartbeat,,256,25700
25799645125,heartbeat,,257,25800
25899645182,heartbeat,,258,25900
25999645188,heartbeat,,259,26000
26099645300,heartbeat,,260,26100
26199645082,heartbeat,,261,26200
26299645207,heartbeat,,262,26300
26399645238,heartbeat,,263,26400
26499645200,heartbeat,,264,26500
26599645094,heartbeat,,265,26600
26699645125,heartbeat,,266,26700
26799645088,heartbeat,,267,26800
25825903270,heartbeat,,268,26900
25925903264,heartbeat,,269,27000
26025903320,heartbeat,,270,27100
26125903364,heartbeat,,271,27200
26225903301,heartbeat,,272,27300
26325903320,heartbeat,,273,27400
26425903270,heartbeat,,274,27500
26525903358,heartbeat,,275,27600
26625903351,heartbeat,,276,27700
26725903314,heartbeat,,277,27800
26825903264,heartbeat,,278,27900
26925903264,heartbeat,,279,28000
27025903270,heartbeat,,280,28100
27125903414,heartbeat,,281,28200
27225903408,heartbeat,,282,28300
27325903364,heartbeat,,283,28400
27425903414,heartbeat,,284,28500
27525903358,heartbeat,,285,28600
27625903514,heartbeat,,286,28700
27725903214,heartbeat,,287,28800
27825903264,heartbeat,,288,28900
27925903414,heartbeat,,289,29000
28025903264,heartbeat,,290,29100
28125903470,heartbeat,,291,29200
28225903301,heartbeat,,292,29300
28325903420,heartbeat,,293,29400
28425903358,heartbeat,,294,29500
28525903520,heartbeat,,295,29600
28625903214,heartbeat,,296,29700
28725903451,heartbeat,,297,29800
28825903458,heartbeat,,298,29900
28925903301,heartbeat,,299,30000
29025903295,heartbeat,,300,30100
29125903276,heartbeat,,301,30200
29225903301,heartbeat,,302,30300
29325903470,heartbeat,,303,30400
29425903270,heartbeat,,304,30500
29525903208,heartbeat,,305,30600
29625903295,heartbeat,,306,30700
29725903276,heartbeat,,307,30800
29825903208,heartbeat,,308,30900
29925903320,heartbeat,,309,31000
30025903364,heartbeat,,310,31100
30125903414,heartbeat,,311,31200
30225903376,heartbeat,,312,31300
30325903364,heartbeat,,313,31400
30425903420,heartbeat,,314,31500
30525903370,heartbeat,,315,31600
30625903326,heartbeat,,316,31700
30725903476,heartbeat,,317,31800
30825903470,heartbeat,,318,31900
30925903308,heartbeat,,319,32000
31025903214,heartbeat,,320,32100
31125903264,heartbeat,,321,32200
31225903301,heartbeat,,322,32300
31325903301,heartbeat,,323,32400
31425903320,heartbeat,,324,32500
31525903364,heartbeat,,325,32600
31625903414,heartbeat,,326,32700
31725903370,heartbeat,,327,32800
31825903308,heartbeat,,328,32900
31925903476,heartbeat,,329,33000
32025903201,heartbeat,,330,33100
32125903364,heartbeat,,331,33200
32225903364,heartbeat,,332,33300
32325903470,heartbeat,,333,33400
32425903395,heartbeat,,334,33500
32525903364,heartbeat,,335,33600
32625903264,heartbeat,,336,33700
32725903270,heartbeat,,337,33800
32825903414,heartbeat,,338,33900
32925903376,heartbeat,,339,34000
33025903270,heartbeat,,340,34100
33125903414,heartbeat,,341,34200
33225903358,heartbeat,,342,34300
33325903333,heartbeat,,343,34400
33425903214,heartbeat,,344,34500
33525903508,heartbeat,,345,34600
33625903383,heartbeat,,346,34700
33725903208,heartbeat,,347,34800
33825903358,heartbeat,,348,34900
33925903426,heartbeat,,349,35000
34025903414,heartbeat,,350,35100
34125903183,heartbeat,,351,35200
34225903364,heartbeat,,352,35300
34325903364,heartbeat,,353,35400
34425903395,heartbeat,,354,35500
34525903301,heartbeat,,355,35600
34625903264,heartbeat,,356,35700
34725903301,heartbeat,,357,35800
34825903308,heartbeat,,358,35900
34925903301,heartbeat,,359,36000
35025903264,heartbeat,,360,36100
35125903270,heartbeat,,361,36200
35225903264,heartbeat,,362,36300
35325903295,heartbeat,,363,36400
35425903308,heartbeat,,364,36500
35525903214,heartbeat,,365,36600
35625903264,heartbeat,,366,36700
35725903270,heartbeat,,367,36800
35825903301,heartbeat,,368,36900
35925903358,heartbeat,,369,37000
36025903364,heartbeat,,370,37100
36125903395,heartbeat,,371,37200
36225903370,heartbeat,,372,37300
36325903333,heartbeat,,373,37400
36425903214,heartbeat,,374,37500
36525903451,heartbeat,,375,37600
36625903364,heartbeat,,376,37700
36725903414,heartbeat,,377,37800
36825903351,heartbeat,,378,37900
36925903420,heartbeat,,379,38000
37025903358,heartbeat,,380,38100
37125903470,heartbeat,,381,38200
37225903301,heartbeat,,382,38300
37325903439,heartbeat,,383,38400
37425903414,heartbeat,,384,38500
37525903364,heartbeat,,385,38600
37625903395,heartbeat,,386,38700
37725903351,heartbeat,,387,38800
37825903420,heartbeat,,388,38900
37925903358,heartbeat,,389,39000
38025903470,heartbeat,,390,39100
38125903395,heartbeat,,391,39200
38225903364,heartbeat,,392,39300
38325903264,heartbeat,,393,39400
38425903308,heartbeat,,394,39500
38525903451,heartbeat,,395,39600
38625903370,heartbeat,,396,39700
38725903314,heartbeat,,397,39800
38825903451,heartbeat,,398,39900
38925903351,heartbeat,,399,40000
39025903483,heartbeat,,400,40100
39125903308,heartbeat,,401,40200
39225903445,heartbeat,,402,40300
39325903208,heartbeat,,403,40400
39425903208,heartbeat,,404,40500
39525903358,heartbeat,,405,40600
39625903426,heartbeat,,406,40700
39725903476,heartbeat,,407,40800
39825903358,heartbeat,,408,40900
39925903420,heartbeat,,409,41000
40025903358,heartbeat,,410,41100
40125903358,heartbeat,,411,41200
40225903364,heartbeat,,412,41300
40325903208,heartbeat,,413,41400
40425903264,heartbeat,,414,41500
40525903270,heartbeat,,415,41600
40625903458,heartbeat,,416,41700
40725903314,heartbeat,,417,41800
40825903420,heartbeat,,418,41900
40925903395,heartbeat,,419,42000
41025903358,heartbeat,,420,42100
41125903326,heartbeat,,421,42200
41225903301,heartbeat,,422,42300
41325903470,heartbeat,,423,42400
41425903395,heartbeat,,424,42500
41525903358,heartbeat,,425,42600
41625903358,heartbeat,,426,42700
41725903208,heartbeat,,427,42800
41825903301,heartbeat,,428,42900
41925903358,heartbeat,,429,43000
42025903364,heartbeat,,430,43100
42125903395,heartbeat,,431,43200
42225903370,heartbeat,,432,43300
42325903333,heartbeat,,433,43400
42425903214,heartbeat,,434,43500
42525903451,heartbeat,,435,43600
42625903445,heartbeat,,436,43700
42725903451,heartbeat,,437,43800
42825903358,heartbeat,,438,43900
42925903308,heartbeat,,439,44000
43025903264,heartbeat,,440,44100
43125903358,heartbeat,,441,44200
43225903476,heartbeat,,442,44300
43325903264,heartbeat,,443,44400
43425903395,heartbeat,,444,44500
43525903320,heartbeat,,445,44600
43625903301,heartbeat,,446,44700
43725903358,heartbeat,,447,44800
43825903276,heartbeat,,448,44900
43925903301,heartbeat,,449,45000
44025903358,heartbeat,,450,45100
44125903364,heartbeat,,451,45200
44225903395,heartbeat,,452,45300
44325903358,heartbeat,,453,45400
44425903308,heartbeat,,454,45500
44525903264,heartbeat,,455,45600
44625903264,heartbeat,,456,45700
44725903270,heartbeat,,457,45800
44825903301,heartbeat,,458,45900
44925903358,heartbeat,,459,46000
45025903364,heartbeat,,460,46100
45125903458,heartbeat,,461,46200
45225903358,heartbeat,,462,46300
45325903333,heartbeat,,463,46400
45425903214,heartbeat,,464,46500
45525903264,heartbeat,,465,46600
45625903301,heartbeat,,466,46700
45725903208,heartbeat,,467,46800
45825903470,heartbeat,,468,46900
45925903389,heartbeat,,469,47000
46025903270,heartbeat,,470,47100
46125903470,heartbeat,,471,47200
46225903389,heartbeat,,472,47300
46325903208,heartbeat,,473,47400
46425903470,heartbeat,,474,47500
46525903389,heartbeat,,475,47600
46625903301,heartbeat,,476,47700
46725903358,heartbeat,,477,47800
46825903276,heartbeat,,478,47900
46925903301,heartbeat,,479,48000
47025903358,heartbeat,,480,48100
47125903364,heartbeat,,481,48200
47225903395,heartbeat,,482,48300
47325903358,heartbeat,,483,48400
47425903308,heartbeat,,484,48500
47525903264,heartbeat,,485,48600
47625903264,heartbeat,,486,48700
47725903270,heartbeat,,487,48800
47825903301,heartbeat,,488,48900
47925903358,heartbeat,,489,49000
48025903364,heartbeat,,490,49100
48125903395,heartbeat,,491,49200
48225903370,heartbeat,,492,49300
48325903326,heartbeat,,493,49400
48425903301,heartbeat,,494,49500
48525903264,heartbeat,,495,49600
48625903308,heartbeat,,496,49700
48725903451,heartbeat,,497,49800
48825903376,heartbeat,,498,49900
48925903476,heartbeat,,499,50000
49025903414,heartbeat,,500,50100
49125903358,heartbeat,,501,50200
49225903476,heartbeat,,502,50300
49325903208,heartbeat,,503,50400
49425903264,heartbeat,,504,50500
49525903458,heartbeat,,505,50600
49625903301,heartbeat,,506,50700
49725903295,heartbeat,,507,50800
49825903276,heartbeat,,508,50900
49925903301,heartbeat,,509,51000
50025903470,heartbeat,,510,51100
50125903276,heartbeat,,511,51200
50225903301,heartbeat,,512,51300
50325903320,heartbeat,,513,51400
50425903270,heartbeat,,514,51500
50525903358,heartbeat,,515,51600
50625903351,heartbeat,,516,51700
50725903420,heartbeat,,517,51800
50825903420,heartbeat,,518,51900
50925903314,heartbeat,,519,52000
51025903420,heartbeat,,520,52100
51125903208,heartbeat,,521,52200
51225903320,heartbeat,,522,52300
51325903270,heartbeat,,523,52400
51425903414,heartbeat,,524,52500
51525903314,heartbeat,,525,52600
51625903358,heartbeat,,526,52700
51725903414,heartbeat,,527,52800
51825903201,heartbeat,,528,52900
51925903389,heartbeat,,529,53000
52025903214,heartbeat,,530,53100
52125903264,heartbeat,,531,53200
52225903301,heartbeat,,532,53300
52325903301,heartbeat,,533,53400
52425903320,heartbeat,,534,53500
52525903364,heartbeat,,535,53600
51552161590,heartbeat,,536,53700
51652161546,heartbeat,,537,53800
51752161596,heartbeat,,538,53900
51852161596,heartbeat,,539,54000
51952161527,heartbeat,,540,54100
52052161652,heartbeat,,541,54200
52152161634,heartbeat,,542,54300
52252161552,heartbeat,,543,54400
52352161446,heartbeat,,544,54500
52452161477,heartbeat,,545,54600
52552161440,heartbeat,,546,54700
52652161446,heartbeat,,547,54800
52752161446,heartbeat,,548,54900
52852161496,heartbeat,,549,55000
52952161446,heartbeat,,550,55100
53052161384,heartbeat,,551,55200
53152161746,heartbeat,,552,55300
53252161602,heartbeat,,553,55400
53352161502,heartbeat,,554,55500
53452161646,heartbeat,,555,55600
53552161496,heartbeat,,556,55700
53652161590,heartbeat,,557,55800
53752161415,heartbeat,,558,55900
53852161559,heartbeat,,559,56000
53952161477,heartbeat,,560,56100
54052161440,heartbeat,,561,56200
54152161477,heartbeat,,562,56300
54252161477,heartbeat,,563,56400
54352161496,heartbeat,,564,56500
54452161540,heartbeat,,565,56600
54552161590,heartbeat,,566,56700
54652161546,heartbeat,,567,56800
54752161484,heartbeat,,568,56900
54852161652,heartbeat,,569,57000
54952161359,heartbeat,,570,57100
55052161621,heartbeat,,571,57200
55152161540,heartbeat,,572,57300
55252161534,heartbeat,,573,57400
55352161540,heartbeat,,574,57500
55452161477,heartbeat,,575,57600
55552161440,heartbeat,,576,57700
55652161446,heartbeat,,577,57800
55752161627,heartbeat,,578,57900
55852161584,heartbeat,,579,58000
55952161596,heartbeat,,580,58100
56052161596,heartbeat,,581,58200
56152161534,heartbeat,,582,58300
56252161509,heartbeat,,583,58400
56352161390,heartbeat,,584,58500
56452161627,heartbeat,,585,58600
56552161540,heartbeat,,586,58700
56652161440,heartbeat,,587,58800
56752161627,heartbeat,,588,58900
56852161634,heartbeat,,589,59000
56952161596,heartbeat,,590,59100
57052161534,heartbeat,,591,59200
57152161484,heartbeat,,592,59300
57252161540,heartbeat,,593,59400
57352161534,heartbeat,,594,59500
57452161384,heartbeat,,595,59600
57552161446,heartbeat,,596,59700
57652161471,heartbeat,,597,59800
57752161484,heartbeat,,598,59900
57852161477,heartbeat,,599,60000
57952161534,heartbeat,,600,60100
58052161540,heartbeat,,601,60200
58152161590,heartbeat,,602,60300
58252161534,heartbeat,,603,60400
58352161509,heartbeat,,604,60500
58452161590,heartbeat,,605,60600
58552161552,heartbeat,,606,60700
58652161546,heartbeat,,607,60800
58752161627,heartbeat,,608,60900
58852161552,heartbeat,,609,61000
58952161652,heartbeat,,610,61100
59052161440,heartbeat,,611,61200
59152161571,heartbeat,,612,61300
59252161496,heartbeat,,613,61400
59352161477,heartbeat,,614,61500
59452161534,heartbeat,,615,61600
59552161540,heartbeat,,616,61700
59652161596,heartbeat,,617,61800
59752161552,heartbeat,,618,61900
59852161446,heartbeat,,619,62000
59952161440,heartbeat,,620,62100
60052161496,heartbeat,,621,62200
60152161446,heartbeat,,622,62300
60252161477,heartbeat,,623,62400
60352161496,heartbeat,,624,62500
60452161540,heartbeat,,625,62600
60552161477,heartbeat,,626,62700
60652161534,heartbeat,,627,62800
60752161384,heartbeat,,628,62900
60852161627,heartbeat,,629,63000
60952161490,heartbeat,,630,63100
61052161596,heartbeat,,631,63200
61152161590,heartbeat,,632,63300
61252161534,heartbeat,,633,63400
61352161502,heartbeat,,634,63500
61452161577,heartbeat,,635,63600
61552161534,heartbeat,,636,63700
61652161484,heartbeat,,637,63800
61752161546,heartbeat,,638,63900
61852161596,heartbeat,,639,64000
61952161652,heartbeat,,640,64100
62052161384,heartbeat,,641,64200
62152161540,heartbeat,,642,64300
62252161446,heartbeat,,643,64400
62352161440,heartbeat,,644,64500
62452161496,heartbeat,,645,64600
62552161540,heartbeat,,646,64700
62652161384,heartbeat,,647,64800
62752161646,heartbeat,,648,64900
62852161384,heartbeat,,649,65000
62952161590,heartbeat,,650,65100
63052161415,heartbeat,,651,65200
63152161559,heartbeat,,652,65300
63252161477,heartbeat,,653,65400
63352161534,heartbeat,,654,65500
63452161384,heartbeat,,655,65600
63552161627,heartbeat,,656,65700
63652161584,heartbeat,,657,65800
63752161596,heartbeat,,658,65900
63852161577,heartbeat,,659,66000
63952161552,heartbeat,,660,66100
64052161477,heartbeat,,661,66200
64152161534,heartbeat,,662,66300
64252161534,heartbeat,,663,66400
64352161540,heartbeat,,664,66500
64452161590,heartbeat,,665,66600
64552161534,heartbeat,,666,66700
64652161484,heartbeat,,667,66800
64752161546,heartbeat,,668,66900
64852161534,heartbeat,,669,67000
64952161652,heartbeat,,670,67100
65052161384,heartbeat,,671,67200
65152161540,heartbeat,,672,67300
65252161446,heartbeat,,673,67400
65352161440,heartbeat,,674,67500
65452161496,heartbeat,,675,67600
65552161540,heartbeat,,676,67700
65652161384,heartbeat,,677,67800
65752161646,heartbeat,,678,67900
65852161384,heartbeat,,679,68000
65952161640,heartbeat,,680,68100
66052161546,heartbeat,,681,68200
66152161477,heartbeat,,682,68300
66252161584,heartbeat,,683,68400
66352161427,heartbeat,,684,68500
66452161559,heartbeat,,685,68600
66552161584,heartbeat,,686,68700
66652161409,heartbeat,,687,68800
66752161534,heartbeat,,688,68900
66852161434,heartbeat,,689,69000
66952161434,heartbeat,,690,69100
67052161440,heartbeat,,691,69200
67152161440,heartbeat,,692,69300
67252161490,heartbeat,,693,69400
67352161440,heartbeat,,694,69500
67452161377,heartbeat,,695,69600
67552161677,heartbeat,,696,69700
67652161627,heartbeat,,697,69800
67752161490,heartbeat,,698,69900
67852161377,heartbeat,,699,70000
67952161534,heartbeat,,700,70100
68052161471,heartbeat,,701,70200
68152161490,heartbeat,,702,70300
68252161440,heartbeat,,703,70400
68352161584,heartbeat,,704,70500
68452161484,heartbeat,,705,70600
68552161496,heartbeat,,706,70700
68652161471,heartbeat,,707,70800
68752161527,heartbeat,,708,70900
68852161377,heartbeat,,709,71000
68952161584,heartbeat,,710,71100
69052161409,heartbeat,,711,71200
69152161534,heartbeat,,712,71300
69252161534,heartbeat,,713,71400
69352161527,heartbeat,,714,71500
69452161377,heartbeat,,715,71600
69552161440,heartbeat,,716,71700
69652161465,heartbeat,,717,71800
69752161477,heartbeat,,718,71900
69852161471,heartbeat,,719,72000
69952161527,heartbeat,,720,72100
70052161534,heartbeat,,721,72200
70152161584,heartbeat,,722,72300
70252161427,heartbeat,,723,72400
70352161534,heartbeat,,724,72500
70452161434,heartbeat,,725,72600
70552161527,heartbeat,,726,72700
70652161590,heartbeat,,727,72800
70752161471,heartbeat,,728,72900
70852161527,heartbeat,,729,73000
70952161534,heartbeat,,730,73100
71052161565,heartbeat,,731,73200
71152161521,heartbeat,,732,73300
71252161652,heartbeat,,733,73400
71352161571,heartbeat,,734,73500
71452161546,heartbeat,,735,73600
71552161440,heartbeat,,736,73700
71652161471,heartbeat,,737,73800
71752161527,heartbeat,,738,73900
71852161377,heartbeat,,739,74000
71952161584,heartbeat,,740,74100
72052161409,heartbeat,,741,74200
72152161534,heartbeat,,742,74300
72252161540,heartbeat,,743,74400
72352161371,heartbeat,,744,74500
72452161590,heartbeat,,745,74600
72552161546,heartbeat,,746,74700
72652161577,heartbeat,,747,74800
72752161627,heartbeat,,748,74900
72852161527,heartbeat,,749,75000
72952161527,heartbeat,,750,75100
73052161534,heartbeat,,751,75200
73152161471,heartbeat,,752,75300
73252161527,heartbeat,,753,75400
73352161534,heartbeat,,754,75500
73452161471,heartbeat,,755,75600
73552161434,heartbeat,,756,75700
73652161440,heartbeat,,757,75800
73752161627,heartbeat,,758,75900
73852161484,heartbeat,,759,76000
73952161590,heartbeat,,760,76100
74052161584,heartbeat,,761,76200
74152161427,heartbeat,,762,76300
74252161534,heartbeat,,763,76400
74352161540,heartbeat,,764,76500
74452161527,heartbeat,,765,76600
74552161646,heartbeat,,766,76700
74652161490,heartbeat,,767,76800
74752161534,heartbeat,,768,76900
74852161652,heartbeat,,769,77000
74952161652,heartbeat,,770,77100
75052161484,heartbeat,,771,77200
75152161590,heartbeat,,772,77300
75252161584,heartbeat,,773,77400
75352161521,heartbeat,,774,77500
75452161590,heartbeat,,775,77600
75552161527,heartbeat,,776,77700
75652161584,heartbeat,,777,77800
75752161440,heartbeat,,778,77900
75852161621,heartbeat,,779,78000
75952161484,heartbeat,,780,78100
76052161502,heartbeat,,781,78200
76152161565,heartbeat,,782,78300
76252161577,heartbeat,,783,78400
76352161652,heartbeat,,784,78500
76452161590,heartbeat,,785,78600
76552161484,heartbeat,,786,78700
76652161496,heartbeat,,787,78800
76752161440,heartbeat,,788,78900
76852161490,heartbeat,,789,79000
76952161440,heartbeat,,790,79100
77052161377,heartbeat,,791,79200
77152161677,heartbeat,,792,79300
77252161534,heartbeat,,793,79400
77352161434,heartbeat,,794,79500
77452161640,heartbeat,,795,79600
77552161377,heartbeat,,796,79700
77652161584,heartbeat,,797,79800
77752161546,heartbeat,,798,79900
77852161471,heartbeat,,799,80000
77952161584,heartbeat,,800,80100
78052161540,heartbeat,,801,80200
78152161590,heartbeat,,802,80300
78252161527,heartbeat,,803,80400
78352161640,heartbeat,,804,80500
77378419647,heartbeat,,805,80600
77478419647,heartbeat,,806,80700
77578419703,heartbeat,,807,80800
77678419610,heartbeat,,808,80900
77778419616,heartbeat,,809,81000
77878419685,heartbeat,,810,81100
77978419616,heartbeat,,811,81200
78078419610,heartbeat,,812,81300
78178419666,heartbeat,,813,81400
78278419616,heartbeat,,814,81500
78378419647,heartbeat,,815,81600
78478419666,heartbeat,,816,81700
78578419616,heartbeat,,817,81800
78678419553,heartbeat,,818,81900
78778419641,heartbeat,,819,82000
78878419616,heartbeat,,820,82100
78978419610,heartbeat,,821,82200
79078419641,heartbeat,,822,82300
79178419616,heartbeat,,823,82400
79278419610,heartbeat,,824,82500
79378419641,heartbeat,,825,82600
79478419653,heartbeat,,826,82700
79578419647,heartbeat,,827,82800
79678419610,heartbeat,,828,82900
79778419616,heartbeat,,829,83000
79878419647,heartbeat,,830,83100
79978419703,heartbeat,,831,83200
80078419710,heartbeat,,832,83300
80178419760,heartbeat,,833,83400
80278419703,heartbeat,,834,83500
80378419678,heartbeat,,835,83600
80478419710,heartbeat,,836,83700
80578419697,heartbeat,,837,83800
80678419766,heartbeat,,838,83900
80778419766,heartbeat,,839,84000
80878419703,heartbeat,,840,84100
80978419828,heartbeat,,841,84200
81078419828,heartbeat,,842,84300
81178419660,heartbeat,,843,84400
81278419766,heartbeat,,844,84500
81378419703,heartbeat,,845,84600
81478419703,heartbeat,,846,84700
81578419553,heartbeat,,847,84800
81678419647,heartbeat,,848,84900
81778419610,heartbeat,,849,85000
81878419616,heartbeat,,850,85100
81978419616,heartbeat,,851,85200
82078419666,heartbeat,,852,85300
82178419710,heartbeat,,853,85400
82278419647,heartbeat,,854,85500
82378419666,heartbeat,,855,85600
82478419616,heartbeat,,856,85700
82578419760,heartbeat,,857,85800
82678419753,heartbeat,,858,85900
82778419766,heartbeat,,859,86000
82878419747,heartbeat,,860,86100
82978419660,heartbeat,,861,86200
83078419791,heartbeat,,862,86300
83178419760,heartbeat,,863,86400
83278419703,heartbeat,,864,86500
83378419678,heartbeat,,865,86600
83478419560,heartbeat,,866,86700
83578419797,heartbeat,,867,86800
83678419803,heartbeat,,868,86900
83778419710,heartbeat,,869,87000
83878419703,heartbeat,,870,87100
83978419553,heartbeat,,871,87200
84078419647,heartbeat,,872,87300
84178419610,heartbeat,,873,87400
84278419653,heartbeat,,874,87500
84378419647,heartbeat,,875,87600
84478419703,heartbeat,,876,87700
84578419553,heartbeat,,877,87800
84678419647,heartbeat,,878,87900
84778419610,heartbeat,,879,88000
84878419616,heartbeat,,880,88100
84978419610,heartbeat,,881,88200
85078419641,heartbeat,,882,88300
85178419616,heartbeat,,883,88400
85278419610,heartbeat,,884,88500
85378419641,heartbeat,,885,88600
85478419653,heartbeat,,886,88700
85578419647,heartbeat,,887,88800
85678419610,heartbeat,,888,88900
85778419616,heartbeat,,889,89000
85878419647,heartbeat,,890,89100
85978419703,heartbeat,,891,89200
86078419710,heartbeat,,892,89300
86178419760,heartbeat,,893,89400
86278419703,heartbeat,,894,89500
86378419678,heartbeat,,895,89600
86478419710,heartbeat,,896,89700
86578419697,heartbeat,,897,89800
86678419766,heartbeat,,898,89900
86778419766,heartbeat,,899,90000
86878419703,heartbeat,,900,90100
86978419828,heartbeat,,901,90200
87078419828,heartbeat,,902,90300
87178419660,heartbeat,,903,90400
87278419766,heartbeat,,904,90500
87378419703,heartbeat,,905,90600
87478419703,heartbeat,,906,90700
87578419553,heartbeat,,907,90800
87678419647,heartbeat,,908,90900
87778419672,heartbeat,,909,91000
87878419616,heartbeat,,910,91100
87978419616,heartbeat,,911,91200
88078419666,heartbeat,,912,91300
88178419710,heartbeat,,913,91400
88278419647,heartbeat,,914,91500
88378419666,heartbeat,,915,91600
88478419616,heartbeat,,916,91700
88578419760,heartbeat,,917,91800
88678419753,heartbeat,,918,91900
88778419766,heartbeat,,919,92000
88878419747,heartbeat,,920,92100
88978419697,heartbeat,,921,92200
89078419828,heartbeat,,922,92300
89178419747,heartbeat,,923,92400
89278419697,heartbeat,,924,92500
89378419716,heartbeat,,925,92600
89478419760,heartbeat,,926,92700
89578419703,heartbeat,,927,92800
89678419653,heartbeat,,928,92900
89778419666,heartbeat,,929,93000
89878419703,heartbeat,,930,93100
89978419766,heartbeat,,931,93200
90078419791,heartbeat,,932,93300
90178419710,heartbeat,,933,93400
90278419616,heartbeat,,934,93500
90378419610,heartbeat,,935,93600
90478419641,heartbeat,,936,93700
90578419653,heartbeat,,937,93800
90678419560,heartbeat,,938,93900
90778419703,heartbeat,,939,94000
90878419766,heartbeat,,940,94100
90978419647,heartbeat,,941,94200
91078419703,heartbeat,,942,94300
91178419553,heartbeat,,943,94400
91278419803,heartbeat,,944,94500
91378419660,heartbeat,,945,94600
91478419710,heartbeat,,946,94700
91578419553,heartbeat,,947,94800
91678419703,heartbeat,,948,94900
91778419772,heartbeat,,949,95000
91878419760,heartbeat,,950,95100
91978419666,heartbeat,,951,95200
92078419616,heartbeat,,952,95300
92178419553,heartbeat,,953,95400
92278419853,heartbeat,,954,95500
92378419710,heartbeat,,955,95600
92478419760,heartbeat,,956,95700
92578419766,heartbeat,,957,95800
92678419653,heartbeat,,958,95900
92778419797,heartbeat,,959,96000
92878419722,heartbeat,,960,96100
92978419616,heartbeat,,961,96200
93078419760,heartbeat,,962,96300
93178419753,heartbeat,,963,96400
93278419622,heartbeat,,964,96500
93378419741,heartbeat,,965,96600
93478419722,heartbeat,,966,96700
93578419803,heartbeat,,967,96800
93678419760,heartbeat,,968,96900
93778419641,heartbeat,,969,97000
93878419616,heartbeat,,970,97100
93978419610,heartbeat,,971,97200
94078419641,heartbeat,,972,97300
94178419616,heartbeat,,973,97400
94278419610,heartbeat,,974,97500
94378419641,heartbeat,,975,97600
94478419653,heartbeat,,976,97700
94578419647,heartbeat,,977,97800
94678419610,heartbeat,,978,97900
94778419616,heartbeat,,979,98000
94878419647,heartbeat,,980,98100
94978419816,heartbeat,,981,98200
95078419553,heartbeat,,982,98300
95178419760,heartbeat,,983,98400
95278419722,heartbeat,,984,98500
95378419616,heartbeat,,985,98600
95478419797,heartbeat,,986,98700
95578419660,heartbeat,,987,98800
95678419678,heartbeat,,988,98900
95778419760,heartbeat,,989,99000
95878419716,heartbeat,,990,99100
95978419716,heartbeat,,991,99200
96078419710,heartbeat,,992,99300
96178419741,heartbeat,,993,99400
96278419553,heartbeat,,994,99500
96378419760,heartbeat,,995,99600
96478419722,heartbeat,,996,99700
96578419616,heartbeat,,997,99800
96678419703,heartbeat,,998,99900
96778419753,heartbeat,,999,100000
96878419653,heartbeat,,1000,100100
96978419647,heartbeat,,1001,100200
97078419703,heartbeat,,1002,100300
97178419553,heartbeat,,1003,100400
97278419797,heartbeat,,1004,100500
97378419660,heartbeat,,1005,100600
97478419766,heartbeat,,1006,100700
97578419741,heartbeat,,1007,100800
97678419703,heartbeat,,1008,100900
97778419653,heartbeat,,1009,101000
97878419610,heartbeat,,1010,101100
97978419610,heartbeat,,1011,101200
98078419785,heartbeat,,1012,101300
98178419703,heartbeat,,1013,101400
98278419697,heartbeat,,1014,101500
98378419822,heartbeat,,1015,101600
98478419803,heartbeat,,1016,101700
98578419722,heartbeat,,1017,101800
98678419647,heartbeat,,1018,101900
98778419553,heartbeat,,1019,102000
98878419816,heartbeat,,1020,102100
98978419735,heartbeat,,1021,102200
99078419647,heartbeat,,1022,102300
99178419703,heartbeat,,1023,102400
99278419710,heartbeat,,1024,102500
99378419741,heartbeat,,1025,102600
99478419703,heartbeat,,1026,102700
99578419653,heartbeat,,1027,102800
99678419610,heartbeat,,1028,102900
99778419710,heartbeat,,1029,103000
99878419828,heartbeat,,1030,103100
99978419828,heartbeat,,1031,103200
100078419641,heartbeat,,1032,103300
100178419766,heartbeat,,1033,103400
100278419703,heartbeat,,1034,103500
100378419703,heartbeat,,1035,103600
100478419710,heartbeat,,1036,103700
100578419647,heartbeat,,1037,103800
100678419610,heartbeat,,1038,103900
100778419616,heartbeat,,1039,104000
100878419760,heartbeat,,1040,104100
100978419722,heartbeat,,1041,104200
101078419616,heartbeat,,1042,104300
101178419760,heartbeat,,1043,104400
101278419703,heartbeat,,1044,104500
101378419678,heartbeat,,1045,104600
101478419560,heartbeat,,1046,104700
101578419797,heartbeat,,1047,104800
101678419803,heartbeat,,1048,104900
101778419710,heartbeat,,1049,105000
101878419703,heartbeat,,1050,105100
101978419553,heartbeat,,1051,105200
102078419647,heartbeat,,1052,105300
102178419610,heartbeat,,1053,105400
102278419653,heartbeat,,1054,105500
102378419647,heartbeat,,1055,105600
102478419703,heartbeat,,1056,105700
102578419585,heartbeat,,1057,105800
102678419647,heartbeat,,1058,105900
102778419610,heartbeat,,1059,106000
102878419616,heartbeat,,1060,106100
102978419610,heartbeat,,1061,106200
103078419753,heartbeat,,1062,106300
103178419616,heartbeat,,1063,106400
103278419610,heartbeat,,1064,106500
103378419641,heartbeat,,1065,106600
103478419653,heartbeat,,1066,106700
103578419647,heartbeat,,1067,106800
103678419610,heartbeat,,1068,106900
103778419616,heartbeat,,1069,107000
103878419647,heartbeat,,1070,107100
103978419703,heartbeat,,1071,107200
104078419710,heartbeat,,1072,107300
103104677936,heartbeat,,1073,107400
103204677779,heartbeat,,1074,107500
103304677911,heartbeat,,1075,107600
103404677886,heartbeat,,1076,107700
103504677898,heartbeat,,1077,107800
103604677854,heartbeat,,1078,107900
103704677936,heartbeat,,1079,108000
103804677761,heartbeat,,1080,108100
103904677886,heartbeat,,1081,108200
104004677786,heartbeat,,1082,108300
104104677823,heartbeat,,1083,108400
104204677829,heartbeat,,1084,108500
104304677736,heartbeat,,1085,108600
104404677786,heartbeat,,1086,108700
104504677823,heartbeat,,1087,108800
104604677823,heartbeat,,1088,108900
104704677879,heartbeat,,1089,109000
104804677886,heartbeat,,1090,109100
104904677936,heartbeat,,1091,109200
105004677879,heartbeat,,1092,109300
105104677848,heartbeat,,1093,109400
105204677923,heartbeat,,1094,109500
105304677879,heartbeat,,1095,109600
105404677829,heartbeat,,1096,109700
105504677892,heartbeat,,1097,109800
105604677723,heartbeat,,1098,109900
105704677942,heartbeat,,1099,110000
105804677898,heartbeat,,1100,110100
105904677929,heartbeat,,1101,110200
106004677979,heartbeat,,1102,110300
106104677942,heartbeat,,1103,110400
106204677836,heartbeat,,1104,110500
106304677848,heartbeat,,1105,110600
106404677823,heartbeat,,1106,110700
106504677879,heartbeat,,1107,110800
106604677886,heartbeat,,1108,110900
106704677936,heartbeat,,1109,111000
106804677761,heartbeat,,1110,111100
106904677886,heartbeat,,1111,111200
107004677892,heartbeat,,1112,111300
107104677723,heartbeat,,1113,111400
